"Status","Start Time","Stop Time","Duration in ms","Parent Suite","Suite","Sub Suite","Test Class","Test Method","Name","Description"
"passed","Tue Oct 24 12:49:35 IDT 2023","Tue Oct 24 12:49:41 IDT 2023","5337","","Login Home Page","","","","Invaild Username And Invalid Password",""
"passed","Tue Oct 24 12:49:30 IDT 2023","Tue Oct 24 12:49:35 IDT 2023","4898","","Login Home Page","","","","Invaild Username And Valid Password ",""
"passed","Tue Oct 24 12:49:51 IDT 2023","Tue Oct 24 12:49:55 IDT 2023","4254","","Login Home Page","","","","Lower Case Username",""
"passed","Tue Oct 24 12:49:41 IDT 2023","Tue Oct 24 12:49:44 IDT 2023","3664","","Login Home Page","","","","Empty Username And Empty Password",""
"passed","Tue Oct 24 12:49:25 IDT 2023","Tue Oct 24 12:49:30 IDT 2023","5684","","Login Home Page","","","","Vaild Username And Invalid Password",""
"passed","Tue Oct 24 12:49:56 IDT 2023","Tue Oct 24 12:49:58 IDT 2023","2313","","Login Home Page","","","","Hidden Password",""
"passed","Tue Oct 24 12:49:13 IDT 2023","Tue Oct 24 12:49:25 IDT 2023","12022","","Login Home Page","","","","Vaild Username And Valid Password",""
"passed","Tue Oct 24 12:49:48 IDT 2023","Tue Oct 24 12:49:51 IDT 2023","3519","","Login Home Page","","","","Empty Password",""
"passed","Tue Oct 24 12:49:44 IDT 2023","Tue Oct 24 12:49:48 IDT 2023","3492","","Login Home Page","","","","Empty Username ",""
